{
    "rouge": {
        "rouge1": 0.9675559618185026,
        "rouge2": 0.9530688214538569,
        "rougeL": 0.9604298194724061,
        "rougeLsum": 0.9671942836494705
    },
    "seq_matcher": {
        "avg_score": 0.9165786330009543,
        "max_score": 0.9987468671679198,
        "min_score": 0.16763565891472867,
        "std_score": 0.1690824611265262
    },
    "lcs": {
        "avg_lcs": 9.451913133402275,
        "max_lcs": 18.0,
        "min_lcs": 4.0,
        "std_lcs": 1.6262816791697912
    },
    "levenshtein": {
        "avg_error_rate_gen": 0.09634878440158556,
        "avg_error_rate_code": 0.0780987138794791,
        "avg_distance": 1.1034126163391933,
        "max_distance": 26.0,
        "min_distance": 0.0,
        "std_distance": 2.569742549719075
    },
    "compare": {
        "avg_line_similarity": 90.7101052519723,
        "avg_structure_similarity": 94.75223113654599,
        "max_line_similarity": 100.0,
        "max_structure_similarity": 100.0,
        "min_line_similarity": 11.363636363636363,
        "min_structure_similarity": 36.36363636363637,
        "std_line_similarity": 19.720022945643084,
        "std_structure_similarity": 13.50757833294034,
        "avg_ratio_perfect_paths": 0.8500517063081696,
        "avg_perfect_paths": 0.8583247156153051
    },
    "graph": {
        "is_isomorphic": 0.6928645294725957,
        "subgraph_isomorphisms_count": 0.6928645294725957
    }
}